SQL> --Q.21
SQL> SELECT DNAME
  2  FROM DEPT
  3  WHERE DEPTNO = (SELECT DEPTNO
  4                  FROM EMP
  5                  WHERE ENAME = 'SMITH');

DNAME                                                                                                                                                                                                   
--------------                                                                                                                                                                                          
RESEARCH                                                                                                                                                                                                

SQL> --Q.22
SQL> SELECT DNAME , LOC
  2  FROM DEPT
  3  WHERE DEPTNO = (SELECT DEPTNO
  4                  FROM EMP
  5                  WHERE ENAME = 'KING');

DNAME          LOC                                                                                                                                                                                      
-------------- -------------                                                                                                                                                                            
ACCOUNTING     NEW YORK                                                                                                                                                                                 

SQL> --Q.23
SQL> SELECT LOC
  2  FROM DEPT
  3  WHERE DEPTNO =( SELECT DEPTNO
  4                  FROM EMP
  5                  WHERE EMPNO = '7902');

LOC                                                                                                                                                                                                     
-------------                                                                                                                                                                                           
DALLAS                                                                                                                                                                                                  

SQL> --Q.24
SQL> SELECT DNAME , LOC, DEPTNO
  2  FROM DEPT
  3  WHERE DEPTNO = (SELECT DEPTNO
  4                  FROM EMP
  5                  WHERE ENAME LIKE '%R');
WHERE DEPTNO = (SELECT DEPTNO
                *
ERROR at line 3:
ORA-01427: single-row subquery returns more than one row 


SQL> ED
Wrote file afiedt.buf

  1  SELECT DNAME , LOC, DEPTNO
  2  FROM DEPT
  3  WHERE DEPTNO IN (SELECT DEPTNO
  4                  FROM EMP
  5*                 WHERE ENAME LIKE '%R')
SQL> /

DNAME          LOC               DEPTNO                                                                                                                                                                 
-------------- ------------- ----------                                                                                                                                                                 
ACCOUNTING     NEW YORK              10                                                                                                                                                                 
SALES          CHICAGO               30                                                                                                                                                                 

SQL> --Q.25
SQL> SELECT DNAME
  2  FROM DEPT
  3  WHERE DEPTNO = (SELECT DEPTNO
  4                  FROM EMP
  5                  WHERE JOB = 'PRESIDENT');

DNAME                                                                                                                                                                                                   
--------------                                                                                                                                                                                          
ACCOUNTING                                                                                                                                                                                              

SQL> --Q.26
SQL> SELECT ENAME
  2  FROM EMP
  3  WHERE DEPTNO = (SELECT DEPTNO
  4                  FROM DEPT
  5                  WHERE DNAME = 'ACCOUNTING');

ENAME                                                                                                                                                                                                   
----------                                                                                                                                                                                              
CLARK                                                                                                                                                                                                   
KING                                                                                                                                                                                                    
MILLER                                                                                                                                                                                                  

SQL> --Q.27
SQL> SELECT ENAME , SAL
  2  FROM EMP
  3  WHERE DEPTNO = (SELECT DEPTNO
  4                   FROM DEPT
  5                  WHERE LOC = 'CHICAGO');

ENAME             SAL                                                                                                                                                                                   
---------- ----------                                                                                                                                                                                   
ALLEN            1600                                                                                                                                                                                   
WARD             1250                                                                                                                                                                                   
MARTIN           1250                                                                                                                                                                                   
BLAKE            2850                                                                                                                                                                                   
TURNER           1500                                                                                                                                                                                   
JAMES             950                                                                                                                                                                                   

6 rows selected.

SQL> --Q.28
SQL> SELECT *
  2  FROM EMP
  3  WHERE DEPTNO IN (SELECT DEPTNO
  4                   FROM DEPT
  5                   WHERE DNAME = 'SALES');

     EMPNO ENAME      JOB              MGR HIREDATE         SAL       COMM     DEPTNO                                                                                                                   
---------- ---------- --------- ---------- --------- ---------- ---------- ----------                                                                                                                   
      7499 ALLEN      SALESMAN        7698 20-FEB-81       1600        300         30                                                                                                                   
      7521 WARD       SALESMAN        7698 22-FEB-81       1250        500         30                                                                                                                   
      7654 MARTIN     SALESMAN        7698 28-SEP-81       1250       1400         30                                                                                                                   
      7698 BLAKE      MANAGER         7839 01-MAY-81       2850                    30                                                                                                                   
      7844 TURNER     SALESMAN        7698 08-SEP-81       1500          0         30                                                                                                                   
      7900 JAMES      CLERK           7698 03-DEC-81        950                    30                                                                                                                   

6 rows selected.

SQL> --Q.29
SQL> SELECT EMP.* , SAL*12 AS ANUUAL_SAL
  2  FROM EMP
  3  WHERE DEPTNO = (SELECT DEPTNO
  4                   FROM DEPT
  5                  WHERE LOC = 'NEW YORK ');

no rows selected

SQL> ED
Wrote file afiedt.buf

  1  SELECT EMP.* , SAL*12 AS ANUUAL_SAL
  2  FROM EMP
  3  WHERE DEPTNO = (SELECT DEPTNO
  4                   FROM DEPT
  5*                 WHERE LOC = 'NEW YORK')
SQL> /

     EMPNO ENAME      JOB              MGR HIREDATE         SAL       COMM     DEPTNO ANUUAL_SAL                                                                                                        
---------- ---------- --------- ---------- --------- ---------- ---------- ---------- ----------                                                                                                        
      7782 CLARK      MANAGER         7839 09-JUN-81       2450                    10      29400                                                                                                        
      7839 KING       PRESIDENT            17-NOV-81       5000                    10      60000                                                                                                        
      7934 MILLER     CLERK           7782 23-JAN-82       1300                    10      15600                                                                                                        

SQL> --Q.30
SQL> SELECT ENAME
  2  FROM EMP
  3  WHERE DEPTNO = ( SELECT DEPTNO
  4                   FROM DEPT
  5                   WHERE DNAME = 'OPERATIONS');

no rows selected

SQL> SPOOL OFF;
